Group URL,Group Name,Email,Users,Status,Group ID
,,gemmedia55@gmail.com,,,
,,crmdigitalmedia@gmail.com,,,
,,ricboygray@gmail.com,,,
,,poojaenterprises621@gmail.com,,,
,,sheekonfleek@gmail.com,,,
,,dhirajnmali@gmail.com,,,
,,anythingyouneed99@gmail.com,,,
,,es.recruitment0@gmail.com,,,
,,stephenbyrneproducer@gmail.com,,,
,,joesgoods@gmail.com,,,
,,sarahharrisphoto@gmail.com,,,
,,laoisdbn@gmail.com,,,
,,opeindustriales@gmail.com,,,
,,sunoven.india@gmail.com,,,
,,lalmediamagic@gmail.com,,,
,,myssahworld@gmail.com,,,
,,savvyrecruitement@gmail.com,,,
,,klaudinehistoria@gmail.com,,,
,,wetrainweplace@gmail.com,,,
,,elevenstudio.eg@gmail.com,,,
,,stallionsprings.pr@gmail.com,,,
,,missginapromotes@gmail.com,,,
,,mhenry.sutton@gmail.com,,,
,,cojophoto319@gmail.com,,,
,,duckenvin89@gmail.com,,,
,,soflaphotog@gmail.com,,,
,,malhotraa2014@gmail.com,,,
,,creative.ciervo@gmail.com,,,
,,travelwithkesh@gmail.com,,,
,,brenda_doe@gmail.com,,,
,,cswatlanta@gmail.com,,,
,,infoyorkweb@gmail.com,,,
,,dr.wardhana@gmail.com,,,
,,narora200590@gmail.com,,,
,,recruit.righttrack@gmail.com,,,
,,hr.khoshgovar@gmail.com,,,
,,ignaciocita18@gmail.com,,,
,,hrmo.cob@gmail.com,,,
,,vibhupatel55@gmail.com,,,
,,ninacarrfitness@gmail.com,,,
,,contact@infoyork.com,,,
,,tdrewitzosse@gmail.com,,,
,,impactresumeservices@gmail.com,,,
,,aironsanjose1229@gmail.com,,,
,,albajakarta@gmail.com,,,
,,globalpinoy.me@gmail.com,,,
,,lakayteam11@gmail.com,,,
,,luvitlash@gmail.com,,,
,,dollahills@gmail.com,,,
,,s.c.onukwugha@gmail.com,,,
,,adeputri.de@gmail.com,,,
,,isdmmtinfo@gmail.comindian,,,
,,oliviagarcia2122@gmail.com,,,
,,toyotapasigphil@gmail.com,,,
,,moet2myintmyat@gmail.com,,,
,,infoinitatets@gmail.com,,,
,,vijay.ri.kcp@gmail.com,,,
,,mrsyafiq7@gmail.com,,,
,,yuyumonbm@gmail.com,,,
,,dimaanolouie@gmail.com,,,
,,oyatotv@gmail.com,,,
,,orwolman@gmail.com,,,
,,brandfuge@gmail.com,,,
,,dq=marketing+tool+@gmail.com,,,
,,printinghubkenya@gmail.com,,,
,,connectionsidt@gmail.com,,,
,,shawn.lind@gmail.com,,,
,,joesgoods+gmail@ccsend.com,,,
,,marketingaps2016@gmail.com,,,
,,tomagikart@gmail.com,,,
,,hr.inkcadre@gmail.com,,,
,,sarraa_elkharbotly@yahoo.com,,,
,,online.cv.service2016@gmail.com,,,
,,officiallyrare1@gmail.com,,,
,,metrovillerealtors@gmail.com,,,
,,the.exit.escape@gmail.com,,,
,,shahid.azhar@gmail.com,,,
,,mieushop@gmail.com,,,
,,theweeklyrecape@gmail.com,,,
,,julieanne.vsf@gmail.com,,,
,,ccarneiro77@gmail.com,,,
,,jclecias.toyota@gmail.com,,,
,,optiquevc@gmail.com,,,
,,sociallianceservices@gmail.com,,,
,,marajaviertoyota@gmail.com,,,
,,rancejohn1@gmail.com,,,
,,cleverlifeinc@gmail.com,,,
,,kpb.toyota@gmail.com,,,
,,isdmmtinfo@gmail.com,,,
,,kwatumedia@gmail.com,,,
,,hr.transhome@gmail.com,,,
,,lerrybalazon23@gmail.com,,,
,,careers830@gmail.com,,,
,,dmprojectsuk@gmail.com,,,
,,aoneinfonet@gmail.com,,,
,,emilianawilson111@gmail.com,,,
,,dressfactorylk@gmail.com,,,
,,moonhouse.android@gmail.com,,,
,,depaula.host@gmail.com,,,
,,kisaprojectsafrica@gmail.com,,,
,,highwaytech12@gmail.com,,,
,,ange.udsgame@gmail.com,,,
,,panmanpowers@gmail.com,,,
,,helfatalent@gmail.com,,,
,,thebiznizblog@gmail.com,,,
,,cararichey@gmail.com,,,
,,ladylocs68@gmail.com,,,
,,alluringadages@gmail.com,,,
,,colorwise.advertising@gmail.com,,,
,,rhinepaulibis@gmail.com,,,
,,makvast@gmail.com,,,
,,osetax@gmail.com,,,
,,mojeed2010@gmail.com,,,
,,benaya.eg@gmail.com,,,
,,hanni.mercato@gmail.com,,,
,,whiloindia@gmail.com,,,
,,info@adedasintegratedservices.com,,,
,,amusheinc@gmail.com,,,
,,ekorazvitak@gmail.com,,,
,,alielsa3dany@gmail.com,,,
,,a.sadany@masralarabia.com,,,
,,rlsimran13@gmail.com,,,
,,diamondsareforeverllc@gmail.com,,,
,,bethegramguru@gmail.com,,,
,,hr.freeworld@gmail.com,,,
,,y.revotyuk@gmail.com,,,
,,ismieloffile1247@gmail.com,,,
,,mcglonetravelandevents@gmail.com,,,
,,gtr.michellegms@gmail.com,,,
,,hassan.aboulouafa@gmail.com,,,
,,brandyug.creative@gmail.com,,,
,,zainnovations.bh@gmail.com,,,
,,hanni.mercato@gmail.com,,,
,,airtightbiz@gmail.com,,,
,,wmarketing10@gmail.com,,,
,,websurveyasia@gmail.com,,,
,,info@trainingcoursesforall.in,,,
,,connnectionsidt@gmail.com,,,
,,hagarbenyehuda@gmail.com,,,
,,wbholdingscc@gmail.com,,,
,,ero.gtc@gmail.com,,,
,,harshala.panmanpowers@gmail.com,,,
,,careersatsustainable@gmail.com,,,
,,hassan.aboulouafa@gmail.com,,,
,,internships.aiesec.alexandria@gmail.com,,,
,,karlpajota1@gmail.com,,,
,,karlpajota1@gmail.com,,,
,,nottiboisforever@gmail.com,,,
,,alyssasegovia.2801@gmail.com,,,
,,aha.phatnguyen@gmail.com,,,
,,kelly@phribio-tech.com,,,
,,talent@sip2u.asia,,,
,,scloone44nomed@yahoo.com,,,
,,jmtshowconcepts@gmail.com11,,,
,,marketing.pace2012@gmail.com,,,
,,lewisborolibrary@gmail.com,,,
,,recruit@malton.com.my,,,
,,kelly@phribio-tech.com,,,
,,zfcuttingtools@gmail.com,,,
,,jellybeanrecords1@gmail.com,,,
,,maesommersbeauty@gmail.com,,,
,,recruitment@mitsubishi-elevator.com.my,,,
,,hr.easterndigital@gmail.com,,,
,,soriohy05161976@gmail.com,,,
,,info@jvsb.com.my,,,
,,speakwriteseries@gmail.com,,,
,,priscilla_chia@stecmnjv.com.my,,,
,,thatcontentwriter@gmail.com,,,
,,jakejimenez.toyota@gmail.com,,,
,,homesandestates@gmail.com,,,
,,socializestore@gmail.com,,,
,,pbmkuwait@gmail.com,,,
,,parleo08@gmail.com,,,
,,clareelizabethdea@gmail.com,,,
,,christinebfctraining@gmail.com,,,
,,designsbydemarco16@gmail.com,,,
,,recruitment-jb@mitsubishi-elevator.com.my,,,
,,europharmavn@gmail.com,,,
,,info@29nexentury.eu,,,
,,jeanzbelmonte@gmail.com,,,
,,lindaandwillis@gmail.com,,,
,,mbasepro@gmail.com,,,
,,ebizwebza@gmail.com,,,
,,tuyendung.nhien@gmail.com,,,
,,chonagumatay.toyota@gmail.com,,,
,,agamakouloui14@gmail.com,,,
,,oneautocsl.sales@gmail.com,,,
,,goran.jerosimovic@gmail.com,,,
,,hr@klccconventioncentre.com,,,
,,generalhr@mazda.com.my,,,
,,query.snkcreation@gmail.com,,,
,,library@muhas.ac.tz,,,
,,yasisadvertising123@gmail.com,,,
,,priscilla_chia@stecmnjv.com.my,,,
,,recruitment@serimalaysia.com.my,,,
,,malcolm.samillionaires@gmail.com,,,
,,emargindesign@gmail.com,,,
,,inclinemagazine@gmail.com,,,
,,thesoundchef@gmail.com,,,
,,zulihipah.ashari@sheraton.com,,,
,,thenexusglobal1@gmail.com,,,
,,bellsdigitals@gmail.com,,,
,,humanresource@mail.tarc.edu.my,,,
,,recruitment@edra.energy,,,
,,openmindsolutions16@gmail.com,,,
,,talent@sip2u.asia,,,
,,librarymuhas@gmail.com,,,
,,emargindesign@gmail.com,,,
,,hr@ekovest.com.my,,,
,,hr@agromate.com.my,,,
,,info@29nexentury.eu,,,
,,wesellartsmart@gmail.com21,,,
,,chefmothusi@cellc.blackberry.com,,,
,,chefmothusi@cellc.blackberry.com,,,
,,generalhr@mazda.com.my,,,
,,hr@petro-equips.com,,,
,,hr@petro-equips.com,,,
,,aqpoweryoga@gmail.com,,,
,,skydreamconsulting@gmail.com,,,
,,mbasepro@gmail.com,,,
,,infinityg477@gmail.com,,,
,,zulihipah.ashari@sheraton.com,,,
,,nancythomas8520@gmail.com,,,
,,blindvisionbotswana@gmail.com,,,
,,dreamlab.yec@gmail.com,,,
,,odevtech@gmail.com,,,
,,blazingraphxx@gmail.com,,,
,,barcudapromo@gmail.com,,,
,,matterpros@gmail.com3d,,,
,,bmsb-hr@boilermaster.biz,,,
,,info@bellsdigitals.com.ng,,,
,,recruit@malton.com.my,,,
,,recruitment-pg@mitsubishi-elevator.com.my,,,
,,hrd@gadang.com.my,,,
,,hrd@gadang.com.my,,,
,,myhrkl2016@gmail.com,,,
,,info@jvsb.com.my,,,
,,jeanzbelmonte@gmail.com,,,
,,recruitment@eon.com.my,,,
,,esefent@gmail.comsee,,,
,,recruitment@mitsubishi-elevator.com.my,,,
,,timcallado@gmail.com,,,
,,hiabunaser@gmail.com,,,
,,marque.creativedesign@gmail.com,,,
,,recruitment@edra.energy,,,
,,recruitment-pg@mitsubishi-elevator.com.my,,,
,,marketing.thmb@gmail.com,,,
,,hr@ekovest.com.my,,,
,,recruitment@eon.com.my,,,
,,hiabunaser@gmail.com,,,
,,bmsb-hr@boilermaster.biz,,,
,,c4cat1114@gmail.com,,,
,,aqtiv8phl@gmail.com,,,
,,oyatotv@gmail.comfive,,,
,,recruitment@serimalaysia.com.my,,,
,,vic.menoldmktg@gmail.com,,,
,,hr@agromate.com.my,,,
,,goldenera.pty.ltd@gmail.com,,,
,,thesoundchef@gmail.com,,,
,,ravi@haddads-group.com,,,
,,dcoxbill@gmail.com,,,
,,-@gmail.com,,,
,,ramikael@gmail.com,,,
,,kimradiggs@gmail.com,,,
,,career.blueriseroyalventures@gmail.com,,,
,,weladelbalad.jobs@gmail.com,,,
,,korsellcorporateconsult@gmail.com,,,
,,daveimperial28@gmail.com,,,
,,jamaica.searchersandstaffers@gmail.com,,,
,,mabhatti@mago-services.com,,,
,,weladelbalad.jobs@gmail.com,,,
,,ghisea.marius@gmail.com,,,
,,ryan.vanbrackel@gmail.com,,,
,,placementcell.brac@gmail.com,,,
,,hauyencao@gmail.com,,,
,,360brightmedia@gmail.com,,,
,,keonasamik@gmail.com,,,
,,aravind.banakar@gmail.com,,,
,,perfectpeople38@gmail.com,,,
,,vfashionsinc@gmail.com,,,
,,daveimperial28@gmail.com,,,
,,info@citech.co.ke,,,
,,malibhatti123@gmail.com,,,
,,msrmafia@gmail.com,,,
,,noelle.acerealty@gmail.comselling,,,
,,amygelz@gmail.com,,,
,,citechkenya@gmail.com,,,
,,shariffinfotech@gmail.com,,,
,,mabhatti@mago-services.com,,,
,,keonasamik@gmail.com,,,
,,masteringhomebusiness@gmail.com,,,
,,fitwithlw@gmail.com,,,
,,hientrangmarketing@gmail.com,,,
,,mobeen.khan50@gmail.com,,,
,,jobsudan2017@gmail.com,,,
,,julie@cmsect.org,,,
,,janineterrenal101@gmail.com,,,
,,huongmkt.aw@gmail.com,,,
,,esguerrajanica@gmail.com,,,
,,danowagroup@gmail.com,,,
,,nawalelkhatat@gmail.com,,,
,,tricia.foley@gmail.com,,,
,,grafishuruhara@gmail.com,,,
,,info.studentjobs@gmail.com,,,
,,houstonseniornews@gmail.com,,,
,,ricktitusmediaposter@gmail.com,,,
,,dthuy82@gmail.com,,,
,,touchhutchco@gmail.com,,,
,,dominic.sumulong@gmail.com,,,
,,smfz110@gmail.com,,,
,,nawalelkhatat@gmail.com,,,
,,truonghap1805@gmail.com,,,
,,eastlymebusinessorganization@gmail.com,,,
,,poscsretail@gmail.com,,,
,,kdsavior17@gmail.com,,,
,,kdsavior17@gmail.com,,,
,,creativedreamsdf@gmail.com,,,
,,coachdonnelleiden@gmail.com,,,
,,michaelchan128@gmail.com,,,
,,info@danowagroup.org,,,
,,zhungno1z@gmail.com,,,
,,jcsanchez.toyota@gmail.com,,,
,,agreriavalleyfarm@gmail.com,,,
,,kholservices@gmail.com,,,
,,dominic.sumulong@gmail.com,,,
,,wyckoffassociates@gmail.com,,,
,,rlmagnaye.toyota@gmail.com,,,
,,ucangroup@gmail.com,,,
,,ralphvwaali@gmail.com,,,
,,japanjahth@gmail.com,,,
,,tricia.foley@gmail.com,,,
,,info@danowagroup.org,,,
,,huongmkt.aw@gmail.com,,,
,,aligningtherapies@gmail.com,,,
,,antonio.sorlini@gmail.com,,,
,,thanhtoan.glink@gmail.com,,,
,,mmtsalesteam@gmail.com,,,
,,hexdirect@gmail.com,,,
,,cindybeach29@gmail.com,,,
,,tuyendungtimesgroup@gmail.com,,,
,,nextlevelhr@yahoo.com,,,
,,thanhtoan.glink@gmail.com,,,
,,ricboygray@gmail.com1,,,
,,facebook4elbo@gmail.com,,,
,,dthuy82@gmail.com,,,
,,info.osem@gmail.com,,,
,,careeroptimistic@gmail.com,,,
,,sawokecikinbox@gmail.com,,,
,,kiranpithal@gmail.com,,,
,,gadgeteer.marketing@gmail.com,,,
,,cclinchangco.hyundaicainta@gmail.com,,,
,,tangwanelice@gmail.com,,,
,,raymondprades@gmail.com,,,
,,ricboygray@gmail.combulk,,,
,,mntheyearoftheiguana@gmail.com,,,
,,alamboglia79@gmail.com,,,
,,womannavigatoracademy@gmail.com,,,
,,raymondprades@gmail.com,,,
,,editor@negativeentropy.net,,,
,,riess.martin5@gmail.com,,,
,,ricboygray@gmail.combulk,,,
,,ne20162017@gmail.com,,,
,,kiranpithal@gmail.com,,,
,,mike@monthlyfunnels.com,,,
,,iwebsitei2@gmail.com,,,
,,id.rkboss281@gmail.com,,,
,,info.rzgs@gmail.com,,,
,,princessreginadino@gmail.com,,,
,,morebizone@gmail.com,,,
,,cypherekb@gmail.com,,,
,,princessreginadino@yahoo.com.ph,,,
,,rhobelhrpowerserve@gmail.com,,,
,,jccanlastoyota@gmail.com,,,
,,columfnd1492@gmail.com,,,
,,route57autosalvage@gmail.com,,,
,,xuanphuptm@gmail.com,,,
,,abufathier@gmail.com,,,
,,chisabez@gmail.com,,,
,,harleymillionaire@gmail.com,,,
,,khantrainings@gmail.com,,,
,,info@rzgservices.com,,,
,,niconsalazar0519@gmail.com,,,
,,daplouffe@icloud.com,,,
,,vacancy@gerrys.com.pk,,,
,,jobs@hrsprovider.com,,,
,,leisleyrose15@gmail.com,,,
,,robbymook@gmail.com,,,
,,kezitech@gmail.com,,,
,,feroze.polani@soneribank.com,,,
,,mahanaisdev2009@gmail.com,,,
,,john.podesta@gmail.com,,,
,,abcdarylmiller@gmail.com,,,
,,bigshowrajkot@gmail.com,,,
,,info@angelsofavay.com,,,
,,kwbusinessresources@gmail.com,,,
,,angelsofavay@gmail.com,,,
,,jobs.pk@dhl.com,,,
,,wtp17.21@gmail.com,,,
,,arieszamora.toyota@gmail.com,,,
,,aliazam72@gmail.com,,,
,,cheryl.mills@gmail.com,,,
,,takeoffandincline@gmail.com,,,
,,www.spazzykay@gmail.com,,,
,,superdavemp3@gmail.com,,,
,,coutts.ashleigh@gmail.com,,,
,,eco.artlinks@gmail.com,,,
,,alalmchan@gmail.com,,,
,,nslinnovation@gmail.com,,,
,,rybellion5@gmail.com,,,
,,kenyabiztr@gmail.com,,,
,,groupjobs12@gmail.com,,,
,,jimboymuralla@gmail.com,,,
,,nolimit3dproduction@gmail.com,,,
,,lovinghomesrealty@gmail.com,,,
,,bakeaholics@gmail.com,,,
,,jessicasellsrealty@gmail.com,,,
,,apmanpowers@gmail.com,,,
,,resumenow2017@gmail.com,,,
,,mheon1809@yahoo.com,,,
,,crackrequest2014@gmail.com,,,
,,selodimohdghazali@gmail.com,,,
,,forcefitnessgymsx@gmail.com,,,
,,haykraftartistry@gmail.com,,,
,,tzpsinc@gmail.com,,,
,,provenonlinebiz@gmail.com,,,
,,ere.recruitment@gmail.com,,,
,,hoangphat.job@gmail.com,,,
,,cooperwelder75@gmail.com,,,
,,sunlesssunuk@gmail.com,,,
,,inbitcoinwetrus@gmail.com,,,
,,kharismalaserprint@gmail.com,,,
,,kharismalaserprint@ymail.com,,,
,,deleon.giancarlo21@gmail.com,,,
,,jayparastoyotadasma@gmail.com,,,
,,greenelytesolutions@gmail.com1,,,
,,image006.png@01d00e51.eef29700,,,
,,askjennbaker@gmail.com,,,
,,info.arrisbeauty@gmail.com,,,
,,dbematchmaker@gmail.com,,,
,,info@globalcorporateperformance.com,,,
,,akhilreddyhyd@gmail.com,,,
,,2realafrikz@gmail.com,,,
,,addiel_perera@yahoo.es,,,
,,chefpedroalaniz@gail.com,,,
,,rizabelgonong@gmail.com,,,
,,ymandapogi@gmail.com,,,
,,koonyip1978@gmail.com,,,
,,tclwmorota31@gmail.com,,,
,,balisurfergirls@gmail.com,,,
,,networkking333@gmail.com,,,
,,nbrown@totaltransit.com,,,
,,chefpedroalaniz@gmail.com,,,
,,yourvirtualconnections@gmail.com,,,
,,akhil_reddy_hyd2@gmail.com,,,
,,ethiopiatravel@gmail.com,,,
,,akhilreddyhyd@yahoo.com,,,
,,arena.kovai@gmail.com,,,
,,image002.png@01d08cc9.207f8e90county,,,
,,cairecruitment.2015@gmail.com,,,
,,marketing.peragram@gmail.com,,,
,,globalcorporateperformance@gmail.com,,,
,,agendatanadisantoso@gmail.com,,,
,,rscrib9299@gmail.com,,,
,,info.nananovendors@gmail.com,,,
,,expforjob.1@gmail.com,,,
,,delonixrecruitment@gmail.com,,,
,,/christinebfctraining@gmail.com,,,
,,stansmultilinqs85@gmail.com,,,
,,luketrading30@gmail.com,,,
,,hr@mindtrickssoftware.com,,,
,,info@inventitbd.com,,,
,,emailmarketing.xuatkhau@gmail.com,,,
,,operations.omg@gmail.com,,,
,,fitlogy@gmail.com,,,
,,maydukeitech@gmail.com,,,
,,info@gotechnosoft.com,,,
,,edwinurielayalatamez@gmail.com,,,
,,geniuscomputers1540@gmail.com,,,
,,phantomitsolutions@gmail.com,,,
,,adam.sssmith1.uk@gmail.com,,,
,,rcscenter.cu@gmail.com,,,
,,aamir.chaghani@gmail.com,,,
,,donbosco001@gmail.com,,,
,,cworldit@gmail.com,,,
,,info@cyberworldit.com,,,
,,muhammadsufian786@gmail.com,,,
,,karngrouphr@gmail.com,,,
,,hr.mehul@gmail.com,,,
,,ssudhirbabu666@gmail.com,,,
,,yasmin@technowingsolution.com,,,
,,cv.myanmarit@gmail.com,,,
,,systosistechnologies@gmail.com,,,
,,earth.govind@gmail.com,,,
,,christine@bfctraining.com,,,
,,nkcreation@gmail.com,,,
,,biz4usolutions@gmail.com,,,
,,hilariestrong@gmail.com,,,
,,onlinespec@gmail.com,,,
,,tyehimbakafele@gmail.com,,,
,,openvacancies2017@gmail.com,,,
,,cgmvacancy@gmail.com,,,
,,ggnwt1@gmail.com,,,
,,hrmaisan@gmail.com,,,
,,genalynguinabo@yahoo.com,,,
,,job.myanmarit@gmail.com,,,
,,anis3979@gmail.com,,,
,,llosandiego@gmail.com,,,
,,yasminmulla@gmail.com,,,
,,josuelviana2016@gmail.com,,,
,,widevisionmarketing@gmail.com,,,
,,mindtrickssoftware@gmail.com,,,
,,vishroji@gmail.com,,,
,,aplusrewa@gmail.com,,,
,,gladulas@gmail.com,,,
,,wabwar786@gmail.com,,,
,,rubys.jobs@gmail.com,,,
,,tcmamedia@gmail.comtcma,,,
,,essential.mdy@gmail.com,,,
,,info@mayduke.com,,,
,,,,,
,,donbosco001@gmail.com,,,
,,hrdnd2015@gmail.com,,,
,,eduardobperez@gmail.com,,,
,,imran.ah69@gmail.com,,,
,,ayasabdulkerim06@gmail.com,,,
,,fbcliams@gmail.com,,,
,,onlinespec@gmail.com,,,
,,sales@gladulas.in,,,
,,mendcareit@gmail.com,,,
,,consultancyrevenue@gmail.com,,,
,,sales@biz4u.in,,,
,,webtechbots@gmail.com,,,
,,belltpobangalore@gmail.com,,,
,,kraplunadlyazhuttya@gmail.com,,,
,,inventitbd2016@gmail.com,,,
,,anis3979@gmail.com,,,
,,techadventcontact@gmail.com,,,
,,ellenlevinas@gmail.com,,,
,,ariesrlash@gmail.com,,,
,,s.gladulas@yahoo.com,,,
,,webworlddesire@gmail.com,,,
,,broadcasters.pakistan@gmail.com,,,
,,windexsoft@gmail.com,,,
,,gotechnosoft@gmail.com,,,
,,pgailey@gmail.com,,,
,,/search?q=sales+funnel+@gmail.com,,,
,,info@baseit.com.bd,,,
,,miramyanmartravel@gmail.com,,,
,,jp676979@gmail.com,,,
,,nacseng@gmail.com,,,
,,hellohr9999@gmail.com,,,
,,-data4usoftware@gmail.com,,,
,,joybaseit@gmail.com,,,
,,ucssoft@gmail.com,,,
,,shimul.jakaria@gmail.com,,,
,,hburleson1030@gmail.com,,,
,,hr.skywings@gmail.com,,,
,,central.hmv@gmail.com,,,
,,alexomenye@gmail.com,,,
,,trigr0007@gmail.com,,,
,,wrightwells@gmail.com,,,
,,evcarol2011@gmail.com,,,
,,eurekapoa@gmail.comtrabalhamos,,,
,,multiapisoft@gmail.com,,,
,,trigr0007@gmail.com,,,
,,rubayet.rangs@gmail.com,,,
,,deivatechnologies@gmail.com,,,
,,selecaolab17@gmail.com,,,
,,ollielaamoredirect@gmail.com,,,
,,berverleylooney41@gmail.com,,,
,,mess23469@gmail.com,,,
,,meghnadubey@gmail.com,,,
,,t.optimizers@gmail.com,,,
,,shane.thesocialmedics@gmail.com,,,
,,rajesh.repherrals01@gmail.com,,,
,,radiance.tech.info@gmail.com,,,
,,/webworlddesire@gmail.com,,,
,,hdisoftech@gmail.com,,,
,,choudharyv616@gmail.com,,,
,,amin.nasrullah@gmail.com,,,
,,gltquest@gmail.com1,,,
,,etcotraining@gmail.com,,,
,,amin@talentoptimizers.com,,,
,,rohit090995@gmail.com,,,
,,clicketyclickss@gmail.com,,,
,,itcimg@gmail.com,,,
,,huyen.hr.vn@gmail.com,,,
,,weprintcddvd@gmail.com,,,
,,hr@sarvyasamapnna.com,,,
,,ssmediasolutions2014@gmail.com,,,
,,kannan.dsource@gmail.com,,,
,,servizi.informatici.lecce@gmail.com,,,
,,mujeebk59@gmail.com,,,
,,career.peka@gmail.com,,,
,,huyen.hr.vn@gmail.com,,,
,,speak.recruitment@gmail.com,,,
,,sb.dodia@gmail.comwebsite,,,
,,mariosoft83@gmail.com,,,
,,justuspmgauto@gmail.com,,,
,,gltquest@gmail.com,,,
,,info@saakhiwebapp.com,,,
,,jxag0589@gmail.com,,,
,,marsedu1@gmail.com,,,
,,akilvr06@gmail.com,,,
,,brainsteve3@gmail.com,,,
,,convenientfoodsja@gmail.com,,,
,,spiksolutions@gmail.com,,,
,,ivanshawn2000@gmail.com,,,
,,britwire@gmail.com,,,
,,berverleylooney41@gmail.com,,,
,,hr.fresherswalkinz@gmail.com,,,
,,clicketyclickss@gmail.com,,,
,,shivanidww@gmail.com,,,
,,ourcmfm@gmail.com,,,
,,info@britwire.com,,,
,,hibarecriutment@gmail.com,,,
,,rajesh.repherrals01@gmail.com,,,
,,-hr.sigmainet@gmail.com,,,
,,arunkumargarla504@gmail.com,,,
,,sarvyasampanna@gmail.com,,,
,,ajaysinghajs111@gmail.com,,,
,,hr.enguruglobalsolutions@gmail.com,,,
,,info.revivalservice@gmail.com,,,
,,jfstartupstudio@gmail.com,,,
,,recruiterfaith@gmail.com,,,
,,luketrading30@gmail.com1,,,
,,jasmine03arora@gmail.com,,,
,,marsedu1@gmail.com,,,
,,ajaysinghajs111@gmail.com,,,
,,himani.brandloom@gmail.com,,,
,,info@radiancetechnologies.co.in,,,
,,macnyoni4@gmail.com,,,
,,hypebuzza@gmail.com,,,
,,info@multitalentedfirm.com,,,
,,info.revivalservice@gmail.com,,,
,,multiplesganancias@gmail.com,,,
,,jobs.websoftex@gmail.com,,,
,,dq=sales+funnel+@gmail.com,,,
,,pcjogos@hotmail.com,,,
,,rcwebsolution@gmail.com,,,
,,dexandrakb@gmail.com,,,
,,jay.youwe.bventures@gmail.com,,,
,,vendas24hs@ymail.com,,,
,,itsoftwareguru@gmail.com,,,
,,rajanbedi5@gmail.com,,,
,,us-vexillinfotech@gmail.com,,,
,,shinesoftwaretechnology@gmail.com,,,
,,itsoftwareguru@gmail.com,,,
,,vinith.handa@gmail.com,,,
,,vusalqilincxanov@gmail.com,,,
,,rajeev1981jan@gmail.com,,,
,,digitalmarketingsolution2015@gmail.com,,,
,,recordlegends@gmail.com,,,
,,pcjogos@hotmail.com,,,
,,webbanknepal@gmail.com,,,
,,leadsworld123@gmail.com,,,
,,contact@itsoftwareguru.com,,,
,,ragul.h2ohr@gmail.com,,,
,,srkcvindianjobssea@gmail.com,,,
,,peterafanconigkb@gmail.com,,,
,,pcgameshpg@gmail.com,,,
,,mail@shinesofttech.com,,,
,,recordlegends@gmail.com,,,
,,ragul.h2ohr@gmail.com,,,
,,rajeev1981jan@gmail.com,,,
,,shinesoftwaretechnology@gmail.com,,,
,,mail@shinesofttech.com,,,
,,lone.eagle40@gmail.com,,,
,,info.testvitals@gmail.com,,,
,,monteirospaces.goa@gmail.combuysellrentspaces.combuysellrentspaces.com,,,
,,mostafa.ebrahem@gmail.com,,,
,,abmt2med@gmail.com,,,
,,vaishnavi.repherrals@gmail.com,,,
,,sanvertino@gmail.com,,,
,,ownersgoa@gmail.com,,,
,,abmt2med@gmail.com,,,
,,whitehouse071@gmail.com,,,
,,gurujobs2011@gmail.com,,,
,,subham1616@gmail.com1,,,
,,vedantaserver01@gmail.comvedanta,,,
,,oendbd@gmail.com,,,
,,info@apedusoft.com,,,
,,mohideensafa@gmail.com,,,
,,omoriderrick@gmail.com,,,
,,rechumanos.inrl@gmail.comsee,,,
,,dpmaviationservices@gmail.com,,,
,,rockielin@gmail.com,,,
,,andreacora37@gmail.com,,,
,,theemailmarketingplayers@gmail.com,,,
,,mayurupadhye01@gmail.com,,,
,,noor.khurana01@gmail.com,,,
,,danielpmeager@gmail.com,,,
,,cilmdy@gmail.com,,,
,,shane.thesocialmedics@gmail.comthe,,,
,,oendbd@gmail.com,,,
,,office.globalgg@gmail.com,,,
,,vaishu.repherrals@yahoo.com,,,
,,2ndinningscbe@gmail.com,,,
,,wgsntrends@gmail.com,,,
,,simszemin9@gmail.com,,,
,,2ndinningscbe@gmail.com,,,
,,azharmalik728@gmail.com,,,
,,info.rakconsultancy@gmail.com,,,
,,abmtmdy@gmail.com,,,
,,office.globalgg@gmail.com,,,
,,vedantaserver01@gmail.comvedanta,,,
,,noor.khurana01@gmail.com,,,
,,abmtyangon@gmail.com,,,
,,sasi.hjws@gmail.com,,,
,,divinoictsolutions@gmail.com,,,
,,recruit.petrychenko@gmail.com,,,
,,apedusoft@gmail.com,,,
,,byrnejuliann144@gmail.com,,,
,,digitalwebography@gmail.com,,,
,,hr.market.lab@gmail.com,,,
,,maria.briones8888@gmail.com,,,
,,accmksb@gmail.com,,,
,,salvitus@gmail.com,,,
,,jobsinflux@gmail.com,,,
,,hr.market.lab@gmail.com,,,
,,byrnejuliann275@yahoo.com,,,
,,anneuchtman@gmail.com,,,
,,amunyankumburwa@gmail.com,,,
,,momentjobindia@gmail.com,,,
,,anonymousteam695@gmail.com,,,
,,girish.stuearth@gmail.com,,,
,,hr3.squarencube@gmail.com,,,
,,nbs.tradingaustria@gmail.com,,,
,,mess23469@gmail.comsee,,,
,,finjindia@gmail.com,,,
,,blizzfilms@gmail.com,,,
,,mohan@growthsellers.com,,,
,,yogeshraghav3043@gmail.com,,,
,,m.s.elfekey1988@gmail.com,,,
,,jorgealcoser55@gmail.com,,,
,,harrisonbrytt@gmail.com,,,
,,{unnslayer@gmail.com,,,
,,yikodeen@gmail.com,,,
,,jobkunja@gmail.com,,,
,,alternativadeingresos@gmail.comsee,,,
,,promisegodbold@yikodeen.com,,,
,,thanhthao221292@gmail.com,,,
,,creodesigntech@gmail.com,,,
,,montifitzgerald@gmail.com,,,
,,hr.gandamar@gmail.com,,,
,,cadar.info@gmail.com,,,
,,officialjosh101@gmail.com,,,
,,yikodeen@yikodeen.com,,,
,,anonymousteamhacker@outlook.com,,,
,,aswanimanish92@gmail.com,,,
,,03.02.2017nbs.tradingaustria@gmail.com,,,
,,myautobizonline2016@gmail.com,,,
,,khalishkhairul@gmail.com,,,
,,jorgealcoser55@gmail.com,,,
,,/mohan.growth@gmail.com,,,
,,ums.hrd@gmail.com,,,
,,accademiawebmarketing.pr@gmail.com,,,
,,informes@serautor.es,,,
,,ncosmicmedia@gmail.com,,,
,,multiversidadays@gmail.com,,,
,,belovednetworks@gmail.com,,,
,,ums.hrd@gmail.com,,,
,,darwins.cbe@gmail.com,,,
,,draungaung.mr@gmail.com,,,
,,lifencomputer@gmail.com,,,
,,draungaung.mr@gmail.com,,,
,,ahmadjabbar1992@gmail.com,,,
,,shilpi123shivani@gmail.com,,,
,,singh.bhawana2@gmail.com,,,
,,prashanth.h@repherrals.com,,,
,,jynka2007@gmail.com,,,
,,albqbsolutions@gmail.com,,,
,,smshubng0@gmail.com,,,
,,singh.bhawana2@gmail.com,,,
,,shrinathjigroups24@gmail.com,,,
,,sterialitsystems@gmail.com,,,
,,bmch.mdcc@gmail.com,,,
,,bookyourad.adadda@gmail.com,,,
,,info@shrinathjigroups.com,,,
,,marcosbrsp10@gmail.com,,,
,,gncl.abrasil@gmail.com,,,
,,trade2017btc@gmail.com,,,
,,passkey2011@gmail.com,,,
,,repherralsprashanth@gmail.com,,,
,,gncl.abrasil@gmail.com,,,
,,coachingtoempowerinc@gmail.com,,,
,,mspinozacastro@gmail.comsee,,,
,,itialex.neweratracks@gmail.com,,,
,,hamzabilalmulla@gmail.com5,,,
,,anoopcjose@gmail.com,,,
,,igetpd2party@gmail.com,,,
,,andrelmcontato@gmail.com,,,
,,imaginesuccess23@gmail.com,,,
,,rusimeylani.2584@gmail.com,,,
,,pranshupce@gmail.com,,,
,,rajparihar987@gmail.com,,,
,,gaec.pk@gmail.com,,,
,,obiohaezekwesirikennedy@gmail.com,,,
,,-webespireconsulting@gmail.com,,,
,,alameenmedicals@gmail.com,,,
,,aldar@ghantootgroup.ae,,,
,,ritheeka16@gmail.com,,,
,,globent@eim.ae,,,
,,pharma@ntde.com,,,
,,salesjob@mail.com,,,
,,consultantsuae0@gmail.com,,,
,,it@topteamuae.com,,,
,,hretcs@gmail.com,,,
,,job.auracrown@gmail.com,,,
,,solarisresource@gmail.com,,,
,,almorkhania@hotmail.com,,,
,,durablejobs@yahoo.com,,,
,,hr.ahsldxb@gmail.com,,,
,,info@gmail.com,,,
,,foodzu12@gmail.com,,,
,,sandraanita732@gmail.com,,,
,,tapekingbopp@gmail.com,,,
,,parsaipeeush@gmail.com,,,
,,careers.ark2017@gmail.com,,,
,,ussl.lict@gmail.com,,,
,,kmt.localjob@gmail.com,,,
,,//twitter.com/kumar22baran@gmail.com,,,
,,305travelsales@gmail.com,,,
,,beeinter.hr@gmail.com,,,
,,muhammad.junaid@dibpak.com,,,
,,ricka.geosearch@gmail.com,,,
,,dreamjobachiever4@gmail.com,,,
,,mail2kurra@gmail.com,,,
,,hlaphongko017@gmail.com,,,
,,sagnonews@gmail.com,,,
,,sagnonews@gmail.com,,,
,,tgenerationinc@gmail.com,,,
,,alternativadeingresos@gmail.com,,,
,,customerservice@slameventproduction.com,,,
,,tangwefinancials@gmail.com,,,
,,vendoriasdnbhd@gmail.com,,,
,,sunhrconsultancy@gmail.com,,,
,,johnderekcastuera@gmail.com,,,
,,mnxpark@gmail.com,,,
,,sunhrconsultancy@gmail.com,,,
,,sunhrconsultancy@gmail.com,,,
,,/multiapisoft@gmail.com,,,
,,satish@glansolutions.com,,,
,,satish.glan@gmail.com,,,
,,saminfosystems@gmail.com,,,
,,alexmartin1190@gmail.com,,,
,,ferry.dhirendra@gmail.com,,,
,,consultationthesis@gmail.com,,,
,,shaheendollaby@gmail.com,,,
,,design@diablo.ae,,,
,,hrplazonengineering@gmail.com,,,
,,darwinpatriciomaldonado@gmail.com,,,
,,cre8tvtoon@gmail.com,,,
,,winfivedollars@gmail.com,,,
,,shataj99@gmail.com,,,
,,vungtauhr@gmail.com,,,
,,pespkorg@gmail.com,,,
,,hasnain.variantec@gmail.com,,,
,,jhoana.diablo@gmail.com,,,
,,hrrecruits3@gmail.com,,,
,,danmattsonmarketing@gmail.com,,,
,,dickielim@gmail.com,,,
,,machristineravas@gmail.com,,,
,,christine@salesfunnelfanatic.com,,,
,,tranductai1204@gmail.com,,,
,,/ravi@haddads-group.com,,,
,,samreuben41@gmail.com,,,
,,shakti28900@gmail.com,,,
,,jobsrequired12@gmail.com,,,
,,askusglobal@gmail.com,,,
,,info@scholarskatta.com3,,,
,,pa@olympiagrp.com,,,
,,rohail@fsdsolutions.com,,,
,,hrmanager.103@gmail.com,,,
,,alimazhar@faysalbank.com,,,
,,executive.recruitment@abacus-global.com,,,
,,scholarskatta@gmail.com,,,
,,sherazh89@gmail.com,,,
,,rohitgaur123@gmail.com,,,
,,sarealtor.carlos@gmail.com,,,
,,jason.anteola@gmail.com,,,
,,mennamostafa14@gmail.com,,,
,,fluranflasks@gmail.com,,,
,,wilhelmhipolito@gmail.com,,,
,,thephysicalplant@gmail.com,,,
,,massimagelucknow@gmail.com,,,
,,truehrs@gmail.com,,,
,,nichekoncept@gmail.com,,,
,,sama.abbass1980@gmail.com,,,
,,psyservicesrecruit@gmail.com,,,
,,kandilhoda@gmail.com,,,
,,mpangatech@gmail.com,,,
,,newlifeproperty7@gmail.com,,,
,,wisemenmarketingandpromotions@gmail.com,,,
,,rebeccasantosa7@gmail.com,,,
,,christieapostol.work@gmail.com,,,
,,finestmarketing55@gmail.com,,,
,,hr@enctcs.com,,,
,,enctechnologies@gmail.com,,,
,,webcomuganda@gmail.com,,,
,,avik.666pal@gmail.com,,,
,,mhzleo5000@gmail.com,,,
,,atifahmed899@gmail.com,,,
,,hr.qa2017@gmail.com,,,
,,lanfranklinphoto@gmail.com,,,
,,official.osazeekelvin@gmail.com,,,
,,neelyogengineers@gmail.com,,,
,,tpg.aljon.brigino@gmail.com,,,
,,inversesoft.jobs@gmail.com,,,
,,picturesque878@gmail.com,,,
,,kainthgroup1@gmail.com,,,
,,miggyangelosalvador@gmail.com,,,
,,invinciblevirtualservices@gmail.com,,,
,,tawakkal.marketing@gmail.com,,,
,,camellabatangasprojects@gmail.com,,,
,,pr.brookelynnsolutions@gmail.com,,,
,,limitless.careers.01@gmail.com,,,
,,brookelynnsolutions@gmail.com,,,
,,inventivesocialmarketingco@gmail.com.9,,,
,,earnmoney9022@gmail.com,,,
,,kehindeabiodun57@gmail.com,,,
,,kerussomarketingph@gmail.com,,,
,,selfbelief75@gmail.com,,,
,,busybeequilting60@gmail.com,,,
,,jpgeremillo1991@gmail.com,,,
,,fbautotool@gmail.com,,,
,,martinerelo@gmail.comwhat,,,
,,jeet.dey2501@gmail.com,,,
,,alienbabydezign@gmail.com,,,
,,mondormotorsports@gmail.com,,,
,,tsuzureen@gmail.com,,,
,,baominh.mkt@gmail.com,,,
,,blissrec@gmail.com,,,
,,vlhometeam@gmail.com26224,,,
,,tradeproduct1@gmail.com,,,
,,rjnvcbonto@gmail.com,,,
,,mymobiservices@gmail.com,,,
,,caohuong1224@gmail.com,,,
,,mirandaearold@gmail.com,,,
,,patricesrobinson.legalshield@gmail.com,,,
,,texasfixeruppers@gmail.com,,,
,,project_10@project-unique.com,,,
,,minutemanpress@gmail.com2,,,
,,sarahbrown@wrapsodyonline.com,,,
,,auburnmerchants@gmail.com,,,
,,fitenstrak80@gmail.com,,,
,,taifunghongtrading@gmail.com,,,
,,educrafterstraining@gmail.com,,,
,,sonyatherealtoratl@gmail.com,,,
,,maggie.interislandgroup@gmail.com,,,
,,tristan.brown726@gmail.com,,,
,,kenntoyota.ph@gmail.com,,,
,,freedomland1961@gmail.com,,,
,,llogiebarbacena.toyota@gmail.com,,,
,,llogie_barbacena@rocketmail.com,,,
,,info@smart-angle.com,,,
,,markallenlubiran@gmail.com,,,
,,myjalankeluar@gmail.com,,,
,,ekyherawan@gmail.com,,,
,,maxremindvp@gmail.com,,,
,,lagerahonatubhai@gmail.com,,,
,,ale.x.a.nde.rnyc@gmail.com,,,
,,indeedresumes17@gmail.com,,,
,,bsitc.mercysantos@gmail.com,,,
,,narterodger18@gmail.com,,,
,,freelancerben@gmail.com,,,
,,jobsbank.in@gmail.com,,,
,,gideonscourt@gmail.com,,,
,,neyoj777@gmail.com,,,
,,mythicmead@gmail.com,,,
,,ad.unidus@gmail.com,,,
,,chrisjordan007.cj@gmail.com,,,
,,rejoicewithusall@gmail.com,,,
,,azamdzulfikar11@gmail.com,,,
,,hrpluspanindia@gmail.com,,,
,,karenayenkaye@gmail.com,,,
,,crysdean@gmail.com,,,
,,royaltyrevenueinbound@gmail.com15,,,
,,hr@uniquesupportservices.in.do,,,
,,nexgenconsultants777@gmail.com,,,
,,boldinbusiness@gmail.com,,,
,,oprahsteam@gmail.com,,,
,,kpishay@gmail.com,,,
,,queensha79@gmail.com,,,
,,fritz.abdoffice@gmail.com,,,
,,unique.hrd1@gmail.com,,,
,,bookingtravelings@gmail.com,,,
,,albavanzyl9999@gmail.com,,,
,,advertisingbay@gmail.com,,,
,,haquang.us@gmail.com,,,
,,funnelcakefactoryejuice@gmail.com,,,
,,silicon.consultancy01@gmail.com,,,
,,rakesh.gkp.jaiswal@gmail.com,,,
,,denymoyo28@gmail.com,,,
,,amazingayufood@gmail.com,,,
,,david.l.christensen@gmail.com,,,
,,limitlesseventsllc@gmail.com,,,
,,admin@nigeriawebsolution.net,,,
,,pause.mktg@gmail.com,,,
,,alanbmillard@gmail.com,,,
,,marketingmasteryelite@gmail.com,,,
,,greencomputingnepal@gmail.com,,,
,,malawiwawa@gmail.com,,,
,,saimaliscorpio@gmail.com,,,
,,anas@morshed.co,,,
,,cuongvhr@gmail.com,,,
,,amolparab20@gmail.com,,,
,,creation2webpro@gmail.com,,,
,,dallaskappel@gmail.com,,,
,,beyondsuperhuman@gmail.com,,,
,,spectrum.jobs2014@gmail.com,,,
,,aseanwebdesign@gmail.com,,,
,,nhungmoa@gmail.com,,,
,,allaxegan@gmail.com,,,
,,mflapan@gmail.com,,,
,,lordmatt@argall.net,,,
,,potpiewebsolutions@gmail.com,,,
,,webfogg@gmail.com,,,
,,amenhaleluja90@gmail.com,,,
,,myphamleyo@gmail.com,,,
,,emmerdotterrecruitment@gmail.com,,,
,,upendra.ranamca@gmail.com,,,
,,nguyenhuulocla2006@gmail.com,,,
,,lytukhang@gmail.com,,,
,,anas.morshed@gmail.com,,,
,,greenhealthcares@gmail.com,,,
,,nupakachido@gmail.com,,,
,,hrdienmaycongthanh@gmail.com,,,
,,leminhtancr@gmail.com,,,
,,info@makeyourbrandz.com,,,
,,tracy@smoothieexpress.com.ng,,,
,,mikecrouch@gmail.com,,,
,,scottcdorey@gmail.com,,,
,,marketing.vietmedicare1160@gmail.com,,,
,,mvpande29@gmail.com,,,
,,ctv.quangcaofacebook@gmail.com,,,
,,sinawmanpower@gmail.com,,,
,,appledailyfb@gmail.com,,,
,,comzy102@yahoo.com,,,
,,paula@tumedia.net,,,
,,chandana29@gmail.com,,,
,,denshispeaks101@gmail.com,,,
,,charulatab@gmail.com,,,
,,surihatiperfume@gmail.com,,,
,,gbenga.awokoya@aiicoplc.com,,,
,,sliqueconcept@gmail.com,,,
,,famousfunnelcakes@gmail.com,,,
,,fmfurniturepk@gmail.com,,,
,,motorclofamerica@gmail.com,,,
,,kuledr@gmail.com,,,
,,thoitrangaime@gmail.com,,,
,,careers@ng.kpmg.com,,,
,,hello@pentagonmart.com,,,
,,muthumk0007@gmail.com,,,
,,gialinhit@gmail.com,,,
,,janeysharma@gmail.com,,,
,,misabeauty666@gmail.com,,,
,,sevenfiguredreamradio@gmail.com,,,
,,a.eng.ait@gmail.com,,,
,,jetrecruitmentp@gmail.com,,,
,,thevisualyatra@gmail.com,,,
,,luke@socialmediamansion.com,,,
,,thegenxgentleman@gmail.com,,,
,,leslienicholefreelance@gmail.com,,,
,,admin@vms.ng,,,
,,kania@tumedia.net,,,
,,welcometothegeekiverse@gmail.com,,,
,,737a0416-9e8f-1b96-4c78-83674abc74dc@tumedia.net,,,
,,studiya.sliv@gmail.com,,,
,,jaitly.yugam@gmail.com,,,
,,ephemair@gmail.com,,,
,,thuanthanhtech@gmail.com,,,
,,sugupriya102@gmail.com,,,
,,larby@tumedia.net,,,
,,goodsforlucian@gmail.com,,,
,,samreiah@gmail.com,,,
,,mendha.naren@gmail.com,,,
,,rpuri09@gmail.com,,,
,,ginternetservicebd@gmail.com,,,
,,rohanthomas170@gmail.com,,,
,,tamproduction37037@gmail.com,,,
,,ht.hanu@gmail.com,,,
,,niladri.kol.deb@gmail.com,,,
,,vitaljobhub@gmail.com,,,
,,publicidadonline.xyz@gmail.com,,,
,,spatran.vn@gmail.com,,,
,,ahsannawaz.seo@gmail.com,,,
,,meradigitals@gmail.com,,,
,,presticlaus@gmail.com,,,
,,ahmedkhaledna@gmail.com,,,
,,praca.expertseo.eu@gmail.com,,,
,,ayoobcader@gmail.com,,,
,,ceo.mediasoft@gmail.com,,,
,,ved907@gmail.com,,,
,,kidfourteen@gmail.com,,,
,,anisha.rawn@gmail.com,,,
,,nancythomas775@gmail.com,,,
,,nepaltraveldoor@gmail.com,,,
,,myphambenature@gmail.com,,,
,,bluepixelmediadelhi@gmail.combluepixel,,,
,,thienhabeauty@gmail.com,,,
,,ammu.fares@gmail.com,,,
,,safibizsdxb@gmail.com,,,
,,ceo.seabest@gmail.com,,,
,,grupo.pozos@gmail.comsee,,,
,,roabel.co@gmail.com,,,
,,ravi.adi87@gmail.com,,,
,,info@sochtek.com,,,
,,vietstarsg@gmail.com,,,
,,tomankova@laugariciomarketing.sk,,,
,,shynhbeauty@gmail.com,,,
,,info.therelevant@gmail.com,,,
,,hrkjjconsulting@gmail.com,,,
,,huy.tranduc1987@gmail.com,,,
,,resume-nagpurjobdesk@gmail.com,,,
,,kasperinfotech.pvt.ltd@gmail.com,,,
,,humanbeans2016@gmail.com,,,
,,banglangbds@gmail.com,,,
,,cong2603@gmail.com,,,
,,tigerseoisrael@gmail.com,,,
,,bishopwriters@gmail.com,,,
,,lambttqthl@gmail.com,,,
,,info@sbcreativo.com,,,
,,hrdirect2017@gmail.com,,,
,,sanketbhatt.unibizinformatics@gmail.com,,,
,,consultoriamktdigital@gmail.com,,,
,,itmanado1@gmail.com,,,
,,myphamlinhngoc@gmail.com,,,
,,advitusdesigns@gmail.com,,,
,,siabakcreativo@gmail.com,,,
,,erika.palacios@glr.pe,,,
,,laugariciomarketing@gmail.com,,,
,,utxservicesdelhi@gmail.com,,,
,,gulshanpaliwal@gmail.com,,,
,,info@waterworldpk.com,,,
,,waterworldinternational@gmail.com,,,
,,contactorestaura@gmail.com,,,
,,mdshahinhasan15@gmail.com,,,
,,minhtriceo@gmail.com,,,
,,webtunix@gmail.com,,,
,,guvenilirdosya@gmail.com,,,
,,servecoislife@gmail.com,,,
,,i.bigrkg@gmail.com,,,
,,jacksonsandra.info@gmail.com,,,
,,webdonggia24h@gmail.com,,,
,,danish138921@gmail.com,,,
,,capitalhomesrealty@gmail.com,,,
,,quyennt06@gmail.com,,,
,,ngochieutran.ads@gmail.com,,,
,,kim.jinjojo@gmail.com,,,
,,sang.semtop@gmail.com,,,
,,jagannath.ghosh42@gmail.com,,,
,,benes@laugariciomarketing.sk,,,
,,kulyanalina@gmail.com,,,
,,innovanna@gmail.comsee,,,
,,huyannet@gmail.com,,,
,,jynn0408@gmail.com,,,
,,marthacrcu@gmail.com,,,
,,raz5652@gmail.com,,,
,,anilseo100@gmail.com,,,
,,sumatra.english.olympic@gmail.com,,,
,,avi.segal90@gmail.comsee,,,
,,trieutai.deeptrust@gmail.com,,,
,,chitrahiringtalents@gmail.com,,,
,,nerdgirlchic@gmail.com,,,
,,sckyworks@gmail.com,,,
,,musman.aries@gmail.com5,,,
,,unitechconsultancyservices@gmail.com,,,
,,chamsocdabienhoa@gmail.com,,,
,,thammyvienbangtam@gmail.com,,,
,,nedip.dpointgroup@gmail.com,,,
,,xamnghethuatvietnam@gmail.com,,,
,,jagannath.ghosh42@gmail.com2,,,
,,resourcedeptt@gmail.com,,,
,,nontonfilmdvd@gmail.com,,,
,,jp523381@gmail.com,,,
,,basikfans@gmail.com,,,
,,khanhpkvn@gmail.com,,,
,,ads.vcu@gmail.com,,,
,,vietlinhanh@gmail.com,,,
,,reetika.job@gmail.com,,,
,,riauolshop@gmail.com,,,
,,trungtamsaothudo@gmail.com,,,
,,avaloncosmeticvn@gmail.com,,,
,,creative69media@gmail.com,,,
,,aiatjob@gmail.com,,,
,,metwally@gmail.com,,,
,,hr@kunchams.com,,,
,,aloksrivastava355@gmail.com,,,
,,khurram8824@gmail.com,,,
,,venkatgadiputi@gmail.com,,,
,,mitrakayaabadi@gmail.com,,,
,,nhansu.doisongvietnam@gmail.com,,,
,,monahengt@gmail.com,,,
,,musman.aries@gmail.com,,,
,,benignmusings@gmail.com,,,
,,wynnsoft20151@gmail.com,,,
,,aileensoftsolution@gmail.com,,,
,,butthuecom@gmail.com,,,
,,csg.airaviator@gmail.com,,,
,,salmadpoint@gmail.com,,,
,,avidani.music@gmail.com,,,
,,roymathew9179@gmail.com,,,
,,tabletech19@gmail.com,,,
,,ngocntqthl@gmail.com,,,
,,benes@benes.eusee,,,
,,dinesh757@gmail.com,,,
,,sejwalholiday@gmail.com,,,
,,jasminredrosead@gmail.com,,,
,,savannahpublicrelations@gmail.com,,,
,,agupta7939999@gmail.com,,,
,,daria.dpointgroup@gmail.com,,,
,,eshtrymnamerica@gmail.com,,,
,,bintariqgroup@gmail.com,,,
,,musman.aries@gmail.com9,,,
,,lkmedicsvn@gmail.com,,,
,,nish138921@gmail.com,,,
,,careers.pk@ibexglobal.com2,,,
,,kandishaputra@gmail.com,,,
,,computerhelp808@gmail.com,,,
,,//myanmar-mmm.asia/?i=innocentprisoner1@gmail.com,,,
,,nguyenmailan.ttah@gmail.com,,,
,,myphamsachnaturesheal@gmail.com,,,
,,beautydesiam@gmail.com,,,
,,tuyendungtanhoanggia@gmail.com,,,
,,hcns.hoangaudio@gmail.com,,,
,,qcdangle@gmail.com,,,
,,learningearning.com.bd@gmail.com,,,
,,/impoweredangel@gmail.com,,,
,,burhanbawa@crfhr.com,,,
,,govindulasuresh84@gmail.com,,,
,,congtygiaiphaptiepthi@gmail.com,,,
,,tuyendungpkdoctorscar@gmail.com,,,
,,angelfaw84@gmail.com,,,
,,hassan.jdw@gmail.com,,,
,,cao.hoaihuong@gmail.com,,,
,,tuyendung.wowenglish@gmail.com,,,
,,nga.lamkhang@gmail.com,,,
,,vhpharm@gmail.com,,,
,,vuongkhanhdientan.viethan@gmail.com,,,
,,eliteregimecorp@gmail.com,,,
,,huongnguyen.nsnb@gmail.com,,,
,,maxmucks@gmail.com,,,
,,trinhthinga.haui@gmail.com,,,
,,seoerhlv@gmail.com,,,
,,ivensadesign@gmail.com,,,
,,punya.admin@gmail.com,,,
,,manoelantonioartes01@gmail.com,,,
,,cristian.dpointgroup@gmail.com,,,
,,seo.cpsa@gmail.com,,,
,,-ivensadesign@gmail.com,,,
,,syed.bilal@primehr.com.pk,,,
,,hyunjinies@gmail.com,,,
,,akindel.ng@gmail.com,,,
,,designersoodankur16@gmail.com,,,
,,anhptqthl@gmail.com,,,
,,sheaghana@gmail.com,,,
,,gabbystore.hcm@gmail.com,,,
,,lifestudio.1st@gmail.com,,,
,,tuyendung.htp123@gmail.com,,,
,,veronica.nikki.ridley@gmail.com,,,
,,burhanbawa@hotmail.com,,,
,,shopphimxua56@gmail.com,,,
,,shiroe1217@gmail.com,,,
,,flexcodestz@gmail.com,,,
,,innocentprisoner1@gmail.com,,,
,,digitalangelmarketing@gmail.com,,,
,,gallerydarte@gmail.com,,,
,,info@opentour.vntour.dulichvietnam.com.vn61,,,
,,taromediacomputer@gmail.com,,,
,,hoangyentranle@gmail.com,,,
,,mytrinhbaolong@gmail.com,,,
,,javidbece@gmail.com,,,
,,vuongthinh.n@gmail.com,,,
,,lehau.newlife@gmail.com,,,
,,michaelangelo.fabella@gmail.com,,,
,,manhongit.dhp@gmail.com,,,
,,hr.enterviet@gmail.com,,,
,,tuvanluat24h2013@gmail.com,,,
,,tuyendungcarelink@gmail.com,,,
,,ikhwanartent@gmail.com,,,
,,pavaris@app-bit.com,,,
,,tranthitien293@gmail.com,,,
,,datbranding@gmail.com,,,
,,app.pavaris@gmail.comsee,,,
,,topwhite.vn@gmail.com,,,
,,harsha.be2@gmail.com,,,
,,theshannonaction@gmail.com,,,
,,indiaseller.in@gmail.com,,,
,,cuongvuzl@gmail.com,,,
,,annet.inweb@gmail.com,,,
,,noithatv68@gmail.com,,,
,,trianglefilms999@gmail.com,,,
,,kazakov.trdesign@gmail.com,,,
,,lamkinhdesigner@gmail.com,,,
,,shubham.lifeinfotech@gmail.com,,,
,,diamond4sam@gmail.com,,,
,,webmurmer@gmail.com,,,
,,rivlin.school@gmail.com,,,
,,*mr.sumeetdolhe@gmail.com,,,
,,ewa.waslicka@gmail.com,,,
,,*hr.techskyrise@gmail.com,,,
,,phanducnga2@gmail.com,,,
,,iamrahulmehta01@gmail.com,,,
,,nhatquan87@gmail.com,,,
,,jhallcreditsolutions@gmail.com,,,
,,adhavasolutions@gmail.com,,,
,,dungqthl@gmail.com,,,
,,tinhhieu1712@gmail.com,,,
,,bcmsadmiss@gmail.com,,,
,,mcamithileshx@gmail.com,,,
,,advertinn777@gmail.com,,,
,,khjewel73@gmail.com,,,
,,duchung7@gmail.comti,,,
,,demoalaska@gmail.com,,,
,,contacto@usastreams.com,,,
,,giaminh171@gmail.com,,,
,,hr.thienma@gmail.com,,,
,,beesleather@gmail.com,,,
,,tuyendung.jaxtina@gmail.com,,,
,,talentosinnovacion@gmail.com,,,
,,alexopportunities@gmail.com,,,
,,duchung217@gmail.com,,,
,,nguyenhang.pda@gmail.com,,,
,,jlgsolera@gmail.com,,,
,,info@indiaseller.in,,,
,,canehagupta14@gmail.com,,,
,,kd.ecolifecapitol@gmail.com,,,
,,tandiaoc@yahoo.com.vn,,,
,,contact@netwonders.in,,,
,,bm4ads@gmail.com,,,
,,tandiaoc@gmail.com,,,
,,artikelajaib@gmail.com,,,
,,seolelyjuhyun@gmail.com,,,
,,huentn.qthl@gmail.com,,,
,,tuanduc1603@gmail.com,,,
,,hieunv.furenco@gmail.com,,,
,,harishshinde23@gmail.com,,,
,,progabu@gmail.comsee,,,
,,kd.tugia01@gmail.com,,,
,,benhvienthammyasean.vn@gmail.com,,,
,,dovanhongvn@gmail.com,,,
,,sakshichoudhary228@gmail.com,,,
,,dynamitenews24@gmail.com,,,
,,manbodh.vishwa@gmail.com,,,
,,jobsetrack@gmail.com,,,
,,ongmatcaonguyen@gmail.com,,,
,,seohyunperu@hotmail.com,,,
,,creative4seo@gmail.com,,,
,,greenhouse.thuy82@gmail.com,,,
,,admin@highlandhoney.net,,,
,,irum.ali@gtsrecruit.com,,,
,,komori.seo@gmail.com,,,
,,onlinemarketing2662@gmail.com,,,
,,quichentellmail@gmail.comdelicious,,,
,,restaurantlemonade@gmail.com,,,
,,sangamkumar7@gmail.com,,,
,,hochiminhcareers@gmail.com,,,
,,tuyetntqthl@gmail.com,,,
,,polutiosavers@gmail.com,,,
,,tatychang@gmail.com,,,
,,infosateam@gmail.com,,,
,,taty@socialmediafishland.com,,,
,,info@simplifiedws.com,,,
,,libragulzar@gmail.com,,,
,,webtechsystems2013@gmail.com,,,
,,infosateam@gmail.comsa,,,
,,adhavahost@gmail.com,,,
,,thaihuybds@gmail.com,,,
,,scottydrippinofficial@gmail.com,,,
,,abhishek.reqsmart@gmail.com,,,
,,tuyendung.bdstanlong@gmail.com,,,
,,anamika.krnetworkcloud@gmail.com,,,
,,saigon3t@gmail.com,,,
,,seo.experts.me@gmail.comseo,,,
,,seowebtechs1@gmail.com,,,
,,hcmc@seo-vietnam.org,,,
,,vaishalpatel6@gmail.com,,,
,,teamseoproff2@gmail.com,,,
,,ims.shreya2009@gmail.com,,,
,,aiwi.rajsingh@gmail.com,,,
,,-digitalwebstudiojob@gmail.com,,,
,,seointernetbrandmarketing@gmail.com,,,
,,mangoshaad@gmail.com,,,
,,boostupinfinity@gmail.com,,,
,,meetrv.com@gmail.comwww.meetrv.commeetrv.com1,,,
,,orient.seo@gmail.com,,,
,,instructoramr@gmail.com,,,
,,muhammeda22254@gmail.com,,,
,,ssd.emarketing@gmail.com,,,
,,scienstechnologies@gmail.com,,,
,,riya.officialsharma@gmail.comcontent,,,
,,a1adultseo@gmail.com,,,
,,allindiawebinfotech@gmail.com,,,
,,webmaster.wowscripts@gmail.com,,,
,,doantayk707@gmail.com,,,
,,sheoran.shivam@gmail.com,,,
,,seolimaocomunicacao@gmail.com,,,
,,thevitalsolutions@gmail.com,,,
,,yuvamedha1@gmail.com,,,
,,ncrsystemsolution@gmail.com,,,
,,pellegrinimarketing@gmail.com,,,
,,humanresource.cis@gmail.com,,,
,,adpackpro.motinha5@gmail.com,,,
,,colnanoilean@gmail.com,,,
,,markwebseoexpert@gmail.com,,,
,,trungtamtiengnhatsofl@gmail.com,,,
,,contrabasseo@gmail.com,,,
,,tapdoanviet.net@gmail.com,,,
,,info.elcankan@gmail.com,,,
,,litztech.cbe@gmail.com,,,
,,thietkeweb360.vn@gmail.com,,,
,,fjahanzaib@gmail.com,,,
,,surewinrajasthan@gmail.com,,,
,,nuansa.market@gmail.com,,,
,,sisitemascancun3.0@gmail.com,,,
,,acmejaipur0141@gmail.com,,,
,,adamasspaclinic@gmail.com,,,
,,info@sapadiamond.vn,,,
,,thietkemythuat247@gmail.com,,,
,,lacuspidepanama@gmail.com,,,
,,hrtuyendungsg@gmail.com,,,
,,aurumwriters@gmail.com,,,
,,vietquangcao.com.vn@gmail.com,,,
,,optimisticonsultants@gmail.com,,,
,,longopenceo@gmail.com,,,
,,aussieitgroup@gmail.com,,,
,,ravism8t9@gmail.com,,,
,,rasikrv@gmail.com,,,
,,nutri.thaisbarros@gmail.com,,,
,,inbalforhr@gmail.com,,,
,,zifziinfotech@gmail.com,,,
,,hinashaikh@cloud-innovator.com,,,
,,sociedade.oitocentos@gmail.com,,,
,,tuyendung.wowenglishgruop@gmail.com,,,
,,lieuntt99@gmail.com,,,
,,sapadiamond@gmail.com,,,
,,sirescreenprinting@gmail.com,,,
,,info@sapadiamondhotel.vn,,,
,,posicionate.ads@gmail.com,,,
,,scctoday@gmail.com,,,
,,purnellpromotions@gmail.com,,,
,,gmail-amznpr345@gmail.com,,,
,,dieungucorner@gmail.com,,,
,,noiminghethuat1@gmail.com,,,
,,aa.tashhier@gmail.com,,,
,,amznpr45@gmail.com,,,
,,manomao@gmail.comsee,,,
,,bepgiaminh@gmail.com,,,
,,info@seo-wave.com,,,
,,doduy8th2@gmail.com,,,
,,jwbeautykr@gmail.com,,,
,,xuanthien@gmail.com,,,
,,ocseoproduction@gmail.com,,,
,,nyboilerandac@gmail.com,,,
,,amir.khan.hayyat@gmail.com,,,
,,hiqua.media@gmail.com,,,
,,onlysiamdvd@gmail.com,,,
,,glossysofttech@gmail.com,,,
,,congtytopone@gmail.com,,,
,,audiohanoi.com@gmail.com,,,
,,magazine.ecohuertosecointegral@gmail.com,,,
,,hr.evergreen.hn@gmail.com,,,
,,universalinternationalservices@gmail.com,,,
,,asorbaex.apoya@gmail.com,,,
,,thaitrung189@gmail.com,,,
,,giang.nhansu@gmail.com,,,
,,drcuong97@gmail.com,,,
,,zadeinfotech1@gmail.com,,,
,,ngochan.jw@gmail.com,,,
,,kivanokg@gmail.com,,,
,,kenzi900620@gmail.com,,,
,,writeformysite@gmail.com,,,
,,manezinho.odilho@gmail.com,,,
,,backcao@gmail.com,,,
,,informteh05@gmail.com,,,
,,vipmandiriqq@gmail.com,,,
,,phanhaiyen.mlandhc@gmail.com,,,
,,booking@tempotravellerinncr.in,,,
,,----ngdung1111.cengroup@gmail.com,,,
,,senolitata@gmail.com,,,
,,justbusinesslisting@gmail.com,,,
,,-------anhnv6@stda.vn,,,
,,ronijapika91@gmail.com,,,
,,dongycuclinhduoc@gmail.com,,,
,,manishphpprogrammer@gmail.com,,,
,,diepntb2110@gmail.com,,,
,,htthanhthao712@gmail.com,,,
,,admin@jeelda.com,,,
,,venemprende1@gmail.com,,,
,,jas.hoipolloijobs@gmail.com,,,
,,thuybt204@gmail.com,,,
,,nurbol.esensariev@gmail.com,,,
,,mcdoglaz@gmail.com,,,
,,mayasjsc.c@gmail.com,,,
,,minhductattoo@gmail.com,,,
,,tuyendungctyachau@gmail.com,,,
,,benhvienungbuouhungviet@gmail.com,,,